citizenship,landlord_type,avg_weekly_rent
Other America,Rented from private landlord,420.3
United Kingdom (GB+NI),Rented from private landlord,406
Other Asia,Rented from private landlord,378.65
Spain,Rented from private landlord,373.21
Ireland,Rented from private landlord,360.1
Brazil,Rented from private landlord,358.57
Other EU27 ,Rented from private landlord,357.52
India,Rented from private landlord,336.85
Romania,Rented from private landlord,297.47
Ukraine,Rented from private landlord,283.85
